{
  "case_id": "03_half",
  "case_name": "Half MOX left / Half UO2 right",
  "k_eff_7g": 1.115918414,
  "k_eff_2g_direct": 1.1108747805408854,
  "Sigma_tr_G1": 0.3672807618030822,
  "Sigma_tr_G2": 0.6797138604154368,
  "Sigma_a_G1": 0.01261599054713591,
  "Sigma_a_G2": 0.12199888128776541,
  "nuSigma_f_G1": 0.010875705104839067,
  "nuSigma_f_G2": 0.17741315989745235,
  "Sigma_s_G1_to_G1": 0.3455176258779533,
  "Sigma_s_G1_to_G2": 0.009147072901747644,
  "Sigma_s_G2_to_G1": 5.9040454945924626e-05,
  "Sigma_s_G2_to_G2": 0.5576558742075455,
  "phi_fast_avg": 0.965957411625234,
  "phi_thermal_avg": 0.07235766857949757
}