case_id,k_eff_2g_direct
01_mox,  1.0448923918894366E+00
02_uo2,  1.1706481050679001E+00
03_half,  1.1108747805408854E+00
