case_id,case_name,k_eff_7g,k_eff_2g_direct,Sigma_tr_G1,Sigma_tr_G2,Sigma_a_G1,Sigma_a_G2,nuSigma_f_G1,nuSigma_f_G2,Sigma_s_G1_to_G1,Sigma_s_G1_to_G2,Sigma_s_G2_to_G1,Sigma_s_G2_to_G2,phi_fast_avg,phi_thermal_avg
01_mox,MOX 2-1-2-1,1.0492206704,1.0448923918894366,0.36920383060598705,0.7539998300573187,0.014105682311450402,0.2529557220405672,0.014479803511258174,0.272185321711373,0.34677008358903544,0.008327947911257046,0.00010657775312654845,0.5009375727430584,0.9961238726278328,0.03276808820390439
02_uo2,UO2 2-0-2-0,1.1714601124,1.1706481050679,0.3658937001117579,0.6614189608827105,0.011523429292641873,0.08978296153794064,0.008236525885248074,0.15350958180135957,0.3446210955724469,0.00974913490144323,4.726932448414486e-05,0.5715886383347147,0.9378999147262804,0.10173719105668018
03_half,Half MOX left / Half UO2 right,1.115918414,1.1108747805408854,0.3672807618030822,0.6797138604154368,0.01261599054713591,0.12199888128776541,0.010875705104839067,0.17741315989745235,0.3455176258779533,0.009147072901747644,5.9040454945924626e-05,0.5576558742075455,0.965957411625234,0.07235766857949757
