{
  "case_id": "02_uo2",
  "case_name": "UO2 2-0-2-0",
  "k_eff_7g": 1.1714601124,
  "k_eff_2g_direct": 1.1706481050679,
  "Sigma_tr_G1": 0.3658937001117579,
  "Sigma_tr_G2": 0.6614189608827105,
  "Sigma_a_G1": 0.011523429292641873,
  "Sigma_a_G2": 0.08978296153794064,
  "nuSigma_f_G1": 0.008236525885248074,
  "nuSigma_f_G2": 0.15350958180135957,
  "Sigma_s_G1_to_G1": 0.3446210955724469,
  "Sigma_s_G1_to_G2": 0.00974913490144323,
  "Sigma_s_G2_to_G1": 4.726932448414486e-05,
  "Sigma_s_G2_to_G2": 0.5715886383347147,
  "phi_fast_avg": 0.9378999147262804,
  "phi_thermal_avg": 0.10173719105668018
}