{
  "case_id": "01_mox",
  "case_name": "MOX 2-1-2-1",
  "k_eff_7g": 1.0492206704,
  "k_eff_2g_direct": 1.0448923918894366,
  "Sigma_tr_G1": 0.36920383060598705,
  "Sigma_tr_G2": 0.7539998300573187,
  "Sigma_a_G1": 0.014105682311450402,
  "Sigma_a_G2": 0.2529557220405672,
  "nuSigma_f_G1": 0.014479803511258174,
  "nuSigma_f_G2": 0.272185321711373,
  "Sigma_s_G1_to_G1": 0.34677008358903544,
  "Sigma_s_G1_to_G2": 0.008327947911257046,
  "Sigma_s_G2_to_G1": 0.00010657775312654845,
  "Sigma_s_G2_to_G2": 0.5009375727430584,
  "phi_fast_avg": 0.9961238726278328,
  "phi_thermal_avg": 0.03276808820390439
}